{
  "experiment": "EXP-06",
  "timestamp": "2025-10-20_00:57:14",
  "threshold_sweep": {
    "0.3": {
      "detected_count": 5140,
      "true_positives": 20,
      "false_positives": 5120,
      "false_negatives": 0,
      "true_negatives": 2000,
      "precision": 0.0038910505836575876,
      "recall": 1.0,
      "f1_score": 0.007751937984496124,
      "accuracy": 0.28291316526610644,
      "passed": false
    },
    "0.35": {
      "detected_count": 5140,
      "true_positives": 20,
      "false_positives": 5120,
      "false_negatives": 0,
      "true_negatives": 2000,
      "precision": 0.0038910505836575876,
      "recall": 1.0,
      "f1_score": 0.007751937984496124,
      "accuracy": 0.28291316526610644,
      "passed": false
    },
    "0.4": {
      "detected_count": 5140,
      "true_positives": 20,
      "false_positives": 5120,
      "false_negatives": 0,
      "true_negatives": 2000,
      "precision": 0.0038910505836575876,
      "recall": 1.0,
      "f1_score": 0.007751937984496124,
      "accuracy": 0.28291316526610644,
      "passed": false
    },
    "0.45": {
      "detected_count": 4740,
      "true_positives": 20,
      "false_positives": 4720,
      "false_negatives": 0,
      "true_negatives": 2400,
      "precision": 0.004219409282700422,
      "recall": 1.0,
      "f1_score": 0.008403361344537815,
      "accuracy": 0.3389355742296919,
      "passed": false
    },
    "0.5": {
      "detected_count": 3540,
      "true_positives": 20,
      "false_positives": 3520,
      "false_negatives": 0,
      "true_negatives": 3600,
      "precision": 0.005649717514124294,
      "recall": 1.0,
      "f1_score": 0.011235955056179775,
      "accuracy": 0.5070028011204482,
      "passed": false
    },
    "0.6": {
      "detected_count": 2340,
      "true_positives": 20,
      "false_positives": 2320,
      "false_negatives": 0,
      "true_negatives": 4800,
      "precision": 0.008547008547008548,
      "recall": 1.0,
      "f1_score": 0.016949152542372885,
      "accuracy": 0.6750700280112045,
      "passed": false
    },
    "0.7": {
      "detected_count": 1540,
      "true_positives": 20,
      "false_positives": 1520,
      "false_negatives": 0,
      "true_negatives": 5600,
      "precision": 0.012987012987012988,
      "recall": 1.0,
      "f1_score": 0.025641025641025647,
      "accuracy": 0.7871148459383753,
      "passed": false
    },
    "0.8": {
      "detected_count": 970,
      "true_positives": 20,
      "false_positives": 950,
      "false_negatives": 0,
      "true_negatives": 6170,
      "precision": 0.020618556701030927,
      "recall": 1.0,
      "f1_score": 0.04040404040404041,
      "accuracy": 0.8669467787114846,
      "passed": false
    },
    "0.85": {
      "detected_count": 20,
      "true_positives": 20,
      "false_positives": 0,
      "false_negatives": 0,
      "true_negatives": 7120,
      "precision": 1.0,
      "recall": 1.0,
      "f1_score": 1.0,
      "accuracy": 1.0,
      "passed": true
    },
    "0.9": {
      "detected_count": 20,
      "true_positives": 20,
      "false_positives": 0,
      "false_negatives": 0,
      "true_negatives": 7120,
      "precision": 1.0,
      "recall": 1.0,
      "f1_score": 1.0,
      "accuracy": 1.0,
      "passed": true
    },
    "0.95": {
      "detected_count": 0,
      "true_positives": 0,
      "false_positives": 0,
      "false_negatives": 20,
      "true_negatives": 7120,
      "precision": 0.0,
      "recall": 0.0,
      "f1_score": 0.0,
      "accuracy": 0.9971988795518207,
      "passed": false
    }
  }
}