{
  "experiment": "EXP-06",
  "timestamp": "2025-10-20_01:04:10",
  "threshold": 0.85,
  "confusion_matrix": {
    "true_positives": 20,
    "false_positives": 0,
    "false_negatives": 0,
    "true_negatives": 7120
  },
  "metrics": {
    "precision": 1.0,
    "recall": 1.0,
    "f1_score": 1.0,
    "accuracy": 1.0
  },
  "raw_scores": {
    "true_pair_scores": [
      0.909717,
      0.909717,
      0.909717,
      0.909717,
      0.909717,
      0.909717,
      0.909717,
      0.909717,
      0.909717,
      0.909717,
      0.909717,
      0.909717,
      0.909717,
      0.909717,
      0.909717,
      0.909717,
      0.909717,
      0.909717,
      0.909717,
      0.909717
    ],
    "false_pair_scores": [
      0.194731,
      0.194731,
      0.194731,
      0.194731,
      0.194731,
      0.194731,
      0.194731,
      0.194731,
      0.194731,
      0.194731,
      0.194731,
      0.194731,
      0.194731,
      0.194731,
      0.194731,
      0.194731,
      0.194731,
      0.194731,
      0.194731,
      0.194731
    ],
    "unrelated_pair_samples": []
  },
  "statistics": {
    "true_pairs": {
      "count": 20,
      "mean": 0.909717,
      "min": 0.909717,
      "max": 0.909717
    },
    "false_pairs": {
      "count": 20,
      "mean": 0.194731,
      "min": 0.194731,
      "max": 0.194731
    }
  }
}